8461,?,
08
8524,|?,pt?,ց
X
@N9
8539,|?,?Y?,9
P
`H9
8556,^|?,?,nL
<
8571,|?,ОhV?,
/:
8586,_|?,P
2?,=
R-b<:
8602,"|?, h?,V
\<О7:
8618,|?,Т<a ?,
)_<PP:
8634,|?,QL _?,jĭ
o`<cg:
8649,ß|?,!?,Rͥ
p
8665,
|?,М)"A?,Z!
8<(:
8680,|?,Ol".?,
W<:
8695,||?,Q#?,
He<`:
8711,%|?,|#}?,

ڽ=ֲ:
8725,|?,mu$?,sy
f=:
8742,jy|?,p
X%?,g
~=W:
8759,s|?,%?,OV
=:
8775,l|?,f,&?,PF
I'=p:
8790,kf|?,P4&?,6
0=:
8807,`|?, @?'-?,|M&
9=8:
8823,Z|?,A'?,hx
B=l

8838,T|?,LX(A?,J=`J

8853,N|?,plP(?,V:)S=0

8868,"H|?,@@c)v?,(:[=(

8883,A|?,D)?,u:d=

8900,<|?,@>o*}?,p:kl=&

8916,R6|?,H*?,$t=,

8931,0|?,p|8m+?,+:|=,3

8949,*|?,4 +Bz?,]9=`:

8965,$|?,  h,q?,jY9ӆ=@

8981,3|?,h?,=PG

8995,Y|?,1"b-_?,=TrN

9010,|?,"(-aV?,P=T

9025,|?,R#dX.L?,&=:[

9040,|?,p#.B?,~K=Ha

9055,:|?,$V/8?,X=hh

9071,{?,%/.?,BB=<n

9088,{?,p%E0%%?,D=u

9104,G{?, 1&@0?,=P{

9119,q{?,&:1?,=v

9135,{?,l1?,z=<D

9150,4{?,0'h)2~?,k=Ȉ

9165,{?,[(t2>~?,^=b

9181,q{?,(3|~?,)=

9197,{?,R)D3}~?,=
9212,{?,)X3K~?,!>=>

9229,E{?,R*`4~?,=2D

9244,{?,042~?,2=r

9260,{?,l+=5]~?,"=

9275,u{?,+(5@~?,G=,

9291,{?,e,6~?,l/m=

9308,{?, ,6~?,=

9323,N{?,^-6z~?,s=l

9339,{?,b7+n~?,=

9354,~{?,Pg.7a~?,*qd=շ

9371,-{?,.0?8T~?,=6

9387,{?,c/8G~?,c=!

9403,̊{?,/9K
~?,=

9419,{?, W0u9.~?,=R

9440,ɀ{?,0H9ͅ
9504,{?,sQF4>?2<
9567,z?,VA9HJ{?,@S6>4<
9585,3z?,H{?,@UID7>6<
9600,Dz?,0B Hz{?,X~8>9<
9615,Wz?,xI<{?,@Z`9>}
<
9630,z?,@B\UIJ{?,q\:>A=<
9647,-z?,0$CIc{?,@b_
>>?<
9665,*z?,CI{?,!=>\A<
9680,{z?,C~{?,WQ>>^C<
9694,z?,@D{Jo{?,z?>*pE<
9710,z?,DJ`{?,bh
@>G<
9726,z?,0DKQ{?,j[A>ڡI<
9741,|z?,DK'C{?,lC>VK<
9756,z?,,KY6{?,@6oE D>ۧM<
9771,z?,0EK({?,q3E>qO<
9788,az?,Ld{?,@sOF>Q<
9805,ىz?,NL{?,@dvkG>
9820,fz?,PFLz?,x
H>U<
9835,z?,` GLz?,@Y{I>!W<
9851,~z?,GMz?,J>@Y<
9866,{z?,pGVM,z?,K>[<
9881,xz?,?H@Mz?,L>,^<
9897,tz?,HM@z?,@򁼶M>d`<
9913,]qz?,H`N@rz?,.#N>sb<
9930,mz?,DNEz?,`D`O>1xd<
9947,Njz?,~Nuz?,P>uf<
9963,fz?,@INtz?,Q>h<
9979,cz?, *J,N]sz?,`xR>Jj<
9997,`z?,`J5O@	Xez?,rS>l<
10013,\z?,pOWz?,	T>n<
10029,{Yz?,KةO)Jz?,@1U> p<
10045,Uz?,`YKO<z?, :yV>xr<
10061,Rz?,K|"P@!.z?,*`W>Mu<
10077, z?,@X>|"w<
10140,z?,QxT%z?,INY>y<
10156,z?,LT@&z?, )¬Z>m{<
10172,z?,	RlT'y?,`*0[>}<
10188,	z?,FRU)cy?,\>9<
10207,z?,`RhBUy?,x]><
10226,fz?, R8kU@+y?,`>d^>3<
10242,z?,SؕU,ay?,OI_>b<
10259,y?,Uy?,1`>~<
10274,y?,zSU.y?,@a>(<
10291,y?,`SVNy?,a>A5<
10306,Fy?, S|IV1y?,b>:<
10323,y?,5T\sVy?,`c>K<
10339,y?, pTV@3ty?,d>e<
10355,!y?,TV
10426,y?,@TVw?,>F<
10441,.y?,4U8$W6}w?,˼߁>x<
10457,y?,0aU0LWrw?,/>ط<
10473,y?,U(zWlhw?,`'E|><
10490,y?,We:]w?,	%˂>B<
10508,Py?,VW@w
Rw?,>$&<
10524,y?,KV@W<Gw?,Sk>=<
10540,y?,VX@=<w?,~>m><
10558,y?,VFX>G2w?,_>,W<
10575,Cy?, VqX@'w?, ¼T>{<
10591,y?,*WdX@bA]w?,><
10607,4y?,eWXBw?,ļ><
10624,y?,0WXC'	w?,@ļ:/><
10641,y?,WlYKv?, lżu>n<
10657,y?,9Y@F4v?,Ƽ><
10673,y?,cXaY@+G=v?, Ƽ><
10689,y?,TY@rHv?,`ǼH>*<
10705,y?,XYv?,@$ȼa>^<
10721,dy?, YY@Jv?,ȼ҆><
10738,\y?,/YYLv?,jɼ4><
10754,y?,~Y%Z@Lv?, ʼ_>ڸ<
10771,y?,YFZ@&Ndv?,ʼ~><
10791,[y?,`YmZv?,><
10806,ay?,PY8ZPv?,*><
10822,ײy?,,Z@Z Rnv?,{̼m>*E<
10853,y?,`lZZv?,`Aͼ>F^<
10869,|y?,ZZ@TAv?,@
μ#>3|<
10885,My?,Z![U
10949,u?,@ۼX>><
11011,\y?, b_6u?, dܼ#>h<
11027,[y?,c`Ku?,ܼc[><
11044,AYy?,Mc8`ބժu?,nݼ0><
11060,Wy?,iclS`u?,޼Ď>Y><
11076,Uy?,cl`<u?,޼>
N<
11095,xTy?,ch`྆u?,߼4>e<
11111,Sy?,c`Su?,`k>zz<
11131,QQy?,dܱ` Su?, ><
11147,Oy?,`)yu?,3ҏ>ι<
11163,WNy?,vd` C$qu?,`><
11179,Ly?,@d`ቼ3iu?,Q9><
11195,	Ky?,d|a!au?,m>><
11215,
Iy?,e)a 5Yu?, _'>_<
11231,Gy?,0e>aQu?,xѐ><
11251,EFy?,XeUacJu?,><
11267,Dy?,nekazBu?,@@/2><
11284,Cy?,Pea@:u?,De><
11300,Ay?,ea ,S2u?,Xt>	<
11316,K@y?,peaÎ*u?,ʑ>4<
11335,>y?,fae#u?,缷>
11351,/=y?,p'fLaeu?,@qv*>I
11369,
y?,0df`a@iu?,`\>?=
11385,:y?,`fb&u?,鼣>=
11402,39y?,fbgu?,e:>\`=
11418,7y?,Pf1bRt?,뼅>=
11434,5y?,gKbt?,>Bt=
11454,m4y?,@Hg8_bt?,~켬C>\=
11471,2y?,ub-zt?,o>=
11492,1y?,pg\b ˔t?, >W=
11509,k/y?,@gbht?,˓>=
11527,-y?,hؾb&t?,@><=
11544,],y?,4hb@tt?,@e>=
11561,g+y?,Ohb`ft?,ＯH>
11578,>*y?,hb t?,U)}>=
11595,(y?,0hcघrt?,x>K=
11612,'y?,`hc@Mt?,@tɔ>	=
11629,&y?,h&c[t?,>	=
11647,%y?,h4cot?,@>

=
11664,$y?,PhCc`Ft?,6G>
=
11681,9#y?,.iWct?,`r>xW=
11699,!y?, Kikcݍt?,1>=
11716,y y?,@tic`J:t?,>n=
11733,My?,iXcDt?,PM>*=
11750,y?, ipcyt?, >|=
11768,y?,0iдc`=rt?,@b
> =
11785,Hy?,`cןlt?,@_>=
11802,y?,@jc`Y
11867,s?,)>D%=
11929,x?,`p(fSs?,p)eě>q&=
11945,x?,1fzs?,pu>B&=
11962,&x?,ba
fus?,>ޘ'=
11979,x?,0aLfüqs?,n>r*(=
11996,x?,aUfügls?,@1D/>(=
12012,x?,b^f >ļ*gs?,xL>H)=
12028,{x?,Kbdf`ļ`bs?,	g>)=
12046,\x?,bpf@kż]s?,!>a*=
12061,Ix?,b}fƼXs?,N>v*=
12078,Wx?,c\f Ƽ%Ts?,|_>+=
12096,x?,>c,f TǼNs?,0Ҝ>",=
12112,x?,ucf`ǼJs?,	<>L,=
12129,x?,cDf ȼ-Es?,0R	>7-=
12145,nx?,cDf0ɼ@s?,@	C!>-=
12162,x?,dɼi<s?,p	7>R.=
12178,x?,`Cd`f`ʼV7s?,T>.=
12195,4x?,}d(f`ʼb2s?,pF
Jo>j/=
12211,Qx?,df˼>-s?,0m
΋>0=
12227,xx?,d,f`5̼)s?,
P>0=
12245,x?,#ef ̼$s?,
>)1=
12261,x?,Me|f oͼ s?,@#ҝ>e1=
12279,Lx?,`efxs?,Z>F2=
12295,*x?,eg`μs?,`>P2=
12311,x?,0fgEϼs?,>j3=
12329,x?,:f0gϼs?,p1>r3=
12346,x?,`hfl)gм6
s?,RuH>\4=
12363,ex?,f4-g`Ѽs?,a>b5=
12380,x?,pfd1g@Ѽs?,v>5=
12398,x?,g=g@3Ҽyr?,/>86=
12415,x?,3g4LgҼr?,j>6=
12432,x?,`g|XgyӼ{r?, 	>MK7=
12450,mx?,pgLhg@ԼOr?,/̞>:7=
12467,x?, og Լr?,P<>_8=
12485,x?,Ph@{gr?,k>`8=
12502,x?,0>hgռ@r?, 8>9=
12519,)x?,mh؊g@]ּr?,P9#>J%:=
12539,*x?,phg`׼_r?,@\:>:=
12555,wx?,кh`g׼r?,_Q>L
=
12572,x?,@h g1r?, Xe>/
=
12589,x?,ig`ؼ8r?,z>r<=
12607,x?,3igr?,>==
12624,Mx?,qir?,">==
12640,x?,0ig ڼr?,0>\&>=
12659,x?,Pi4g@
ۼr?,Ο>>=
12675,x?,j(gr?,pD>F?=
12692,ax?,Bj,gvܼr?,F>?=
12709,x?,`ljdgݼr?,`|>(j@=
12727,x?,@jdgݼDr?,p>@=
12745,x?,jtg`U޼
12807,,r?,3>X=
12870,Ix?,hrig)r?,u\>sX=
12887,x?,pri'r?,0Ż>G Y=
12904,#x?,r|(i#r?,jˢ>Y=
12920,ox?,`r.ie r?,.ע>LZ=
12936,vx?,s8:ir?,Pk^>SZ=
12952,x?,6s>ir?,>`t[=
12969,x?,PTs@iLr?,}
\=
12986,x?,usJir?,P/>\=
13005,x?,psr?,p'>'4]=
13022,x?,spQi"&r?,Po$>]=
13038,x?,s^r?,0>Y^=
13053,Ix?,p5t\i\ 
r?,K@>^=
13069,rx?,Qtei`pr?, L>hz_=
13088,x?,PtDni{r?,
Y>r`=
13105,>x?,ptni(r?,we>`=
13121,x?,tni0vq?,,a=
13136,lx?,tripq?,`>a=
13152,7x?,utqiq?, 2>pRb=
13169,x?,)u4vihq?,>Yb=
13187,ئx?,Ru~iжZq?,>,hc=
13206,
x?,}ui]q?,>c=
13224,x?,uiXWq?,"H>d=
13243,[x?, uiq?,!ǣ>+e=
13259,x?,0uPi 
vq?,Jѣ>&e=
13275,x?,pvi[q?,pۣ>Kf=
13291,x?,Bvxipq?, >.f=
13308,x?,0fvXi q?,/ u>c}g=
13327,Ӣx?,|vȗi^q?, e >Kh=
13346,x?,@viq?, >h=
13365,x?,viCq?,@ >*2i=
13382,7x?,pv`i^:q?,0!&>$i=
13399,vx?,wiqq?, @!w,>Uj=
13415,Οx?,*wذi q?,`w!1>j=
13432,`x?,9wi`Xq?,!q>>^k=
13450,x?,Zwiq?,!K>k=
13468,x?,@wi@q?,7"5X>l=
13487,x?,wi0T	q?,n")a>m=
13506,Bx?,i q?,"e>Vm=
13523,Ӝx?,wiq?, "k>
n=
13540,	x?,xi`?&q?,#gw>n=
13557,x?,)x0iq?,1#>]o=
13573,x?,=xTiPq?,k#>[o=
13591,Jx?,Lx`i=	q?,>dvp=
13609,"x?,i	˸q?,#>q=
13627,x?,@{xHiq?,$>cq=
13645,Θx?,xi1
ڴq?,'$>:r=
13662,x?,0x`i0}

13726,{Zq?,`,
>5=
13791,
x?,}Bj`Wq?,->=
13808,ƅx?,'~\CjpVq?,0->R=
13824,x?,0:~Jj ^Vq?,Pd-8>̠=
13840,x?,K~Hj0^Vq?,`-e>=
13856,x?,DIjUq?,-<>
=
13873,!x?,~HKjJTq?,w>=
13890,x?, ~XHj Pq?,D.!>ˆ=
13908,x?,`~8IjNq?,`w..>=
13927,x?,lJj@3Kq?,`.7>U=
13943,x?,70Kj PLq?,.>=
13958,x?,0YdPj`Nq?,`&/>=
13974,Áx?,0sOj0Mq?,j/">
=
13991,x?,`NjIq?,/g.>=
14010,Wx?,@MjpDq?,/I>XĈ=
14027,x?,Nj9#@q?,`0^>t=
14045,x?,\Oj=q?,X0g>L=
14061,6x?,Pj=q?,0f>=
14077,5x?,XKj`M<q?,0yf>=
14094,x?,POj@`:q?,0n>B1=
14111,~x?,h$Ujp8q?, 1s>z=
14130,N~x?,P(4\jE7q?,pk1eu>=
14146,}x?,9@_j`mA5q?,1|>y=
14165,|x?,Lgj1q?,е1>~R=
14181,6|x?,Ymj-q?,1>=
14197,{x?,ZpjM+q?, 2x>W=
14214,{x?,ij0,q?,N2>6=
14231,%{x?,rLqj# ,q?,2ꔦ>=
14250,zx?,(ujk ,q?,p2ؐ>ь=
14267,zx?,xDxj@ 8,q?,2>(=
14286,yx?,uj+q?, 3>e=
14302,yx?,ȤwjT!)q?,\3撦>୍=
14319,6yx?,pxj!x&q?,3">=
14336,xx?,ˀyj!!#q?,3ް>==
14354,axx?,׀{jA" q?,04i>=
14372,Bxx?,瀽hwj"\ q?,@4D>>ˎ=
14391,wx?,yj"qq?,4>_=
14410,wx?,jC#+q?,4>\=
14427,vx?,0jp#q?,4<ͦ>j=
14446,bvx?, j#$q?,`%55٦>=
14463,vx?,X*Pj@$q?,@b5ܦ>P1=
14480,ux?,6j$dq?,5ߦ>*{=
14496,
ux?,I8j $q?,5>kĐ=
14515,Oux?,PT}j8%aq?,5q>=
14533,tx?,d}j%vq?,6>uR=
14551,tx?,Hj%q?,+6>פ=
14569,'sx?,j
14636,rx?,knp?,(>>na=
14653,p?,d>>=
14715,dx?, jp3p?, >3>=
14733,mdx?,4j45p?,P>>23=
14749,!dx?,˃jr4p?,>>{=
14767,cx?,Pჽxj 4p?,G?|>B=
14782,{cx?,j4{p?,@~?>/=
14799,bx?,jL5p?,?܎>$O=
14816,bx?,|j5"p?,@j>m=
14831,tbx?,j 5p?,9@r>۟=
14848,bx?,jU6p?,@x@>0 =
14864,ax?,)j_p?,@@̣>j=
14880,:ax?,@8jp?,@L>=
14898,`x?,Ej
7Pp?,`A>=
14914,`x?,R0j7Կp?,HAI>K=
14931,`x?,_j7p?,oA?>痡=
14947,F`x?,{Xj~p?,A>ݡ=
14963,`x?,DjPy8p?,>=
14981,|_x?,j`8p?,B>%g=
14997,^x?,$j9p?,`BϦ=
15012,#^x?,Ⱦj e9 p?,Bݮ>D=
15028,]x?,ЄHj9ӳp?,B>L0=
15045,d]x?,ڄКj:
15108,\x?,Hdj0_:p?,FΧ>DJ=
15126,\x?,P4j`:ۜp?,PFǧ>H=
15142,]\x?,j@
̛p?,pG|ȧ>ީ=
15160,[x?,j^
p?,UGǧ>%=
15177,[x?,0',j0
@p?,jGX̧>yp=
15193,I[x?,7tj<p?,Gէ>=
15211,.[x?,ji<p?,pGLܧ>=
15227,Zx?,Nj<p?,Hڧ>D=
15245,Zx?,`j=kp?, VH˧>
=
15262,Yx?,xljg=p?,H§>ԫ=
15279,eYx?,{Ԙj=4p?,Hǧ>=
15298,Xx?,hj=jp?,Hݧ>`]=
15315,NXx?,0xjȊp?,p/I>M=
15331,Wx?,P$j >ׇp?,@SI>H=
15347,iWx?,hԠj>p?,Iv0=
15365,^Wx?,ͅj4?p?,I>w=
15382,NWx?,pمj??p?,I>=
15400,Vx?, ?Vp?,+J$>=
15418,Ux?,j0@p?,dJ>S=
15434,Ux?,xjh@كp?,j>=
15450,Tx?,Lj@fp?,`J>ݮ=
15467,Tx?,x2jA}p?, K
>
!=
15485,Sx?,>jpAzp?,0VK+>h=
15504,GSx?, FLjAzp?, jK>[=
15521,Rx?,_tj"B{p?,K>f=
15537,Rx?,xohjpBa|p?,K>M=
15554,ERx?,ȁjB{p?, K>=
15571,Qx?,p@jCayp?,L>v=
15587,"xp?, 7Lc>C.=
15651,qEx?,8tjPvp?,lL>t=
15667,Ex?,8wjQ9up?,>=
15685,Dx?,uj`_Qup?,`L>{=
15703,,Dx?,@yj`Qup?,MX>Q=
15720,Cx?,0LyjRtp?,)>=
15736,Bx?,Xʈj dRrp?,0pM>=
15752,Bx?,Ј<jиR3np?,M>%=
15769,>Bx?,(܈`jSjp?,0M#>c=
15786,Bx?,@鈽|jaSfp?,:N1>/=
15804,Ax?,(󈽨|j Sfp?,pwN,>q=
15822,bAx?,{j`Thp?,NS>7=
15838,JAx?,uj`_Thp?,N:=
15854,@x?,ptjTgp?,NO>Ӵ=
15870,@x?,)Dsj0Tgp?,0&Oq>"=
15888,]@x?, -sjpXUep?,fO >pc=
15907,?x?,>ptjUcp?,PO=
15925,Y?x?,@F(wj`U`p?,pO%>=
15945,n>x?,X(jPUV`p?,O=>>=
15962,r>x?,blxj
16026,G>x?,fujp1p?,ДXr6>=
16045,#>x?,wqj/p?,X9>=
16062,=x?,`xpj`W.p?, Y\:>?=
16079,=x?,hlkjW-p?,`DY9>=
16095,=x?,djTX,p?,0uY79>=
16112,V=x?,PXejX@+p?,вY%:>=
16129,9=x?,ajX)p?,Y<>a=
16147,<x?,4cjHY(p?, 
Z:>=
16166,<x?,8_j Yl(p?,7>=
16184,j<x?,ЉZjY'p?,`gZ#5>8=
16203,<x?,߉Xj0LZC'p?,Z1>=
16219,
x?,`㉽dUjZ%p?,PZR3>	=
16236,
x?,܉pSjp[2$p?,p$[)6>s=
16252,f
x?,p㉽xSj_["p?,d[7>HT=
16269,Y
x?,剽0Nj[!p?,`[:>*=
16288,5
x?,x|Ij@\pp?,I>>	=
16306,V
x?,(pBj`\,[:>,=
16323,
x?,$:j@\-p?, \9>du=
16339,G
x?,H<8jp?,3\:>=
16355,:x?,09jPR]p?,_\9>p=
16371,?:x?,"
j0]p?,@\5>Y=
16389,9x?,p+P>j`]p?,P\7>F=
16408,8x?,9EjPG^dp?, \:>=
16425,8x?,PFDjЛ^p?, ,]m<>90=
16444,7x?,J(Hj ^p?,J]
>x=
16460,88x?,=jE_p?,n])=>=
16476,7x?,d>j0_Bp?,]>>=
16493,7x?,0j
j_p?,]5?>,W=
16511,@p?,^<>=
16575,)x?,Wj0mp?,G^=>=
16591,9)x?,hajpmip?,v^:>d.=
16609,)x?,gjBn`p?,Ч^u9>w=
16625,(x?,z j`np?,P^?<>=
16646,(x?,\jn
p?,_@>=
16662,|'x?,pj
oA	p?,8_C>4J=
16679,@'x?,xjo		p?,pg_e>>=
16695,&x?,op?,`_:><=
16713,&x?,贌,
pIp?,е_#
>F/=
16730,D&x?,Hp)p?,0_
>kv=
16746,,0̌ipop?,p_?>|=
16763,%x?,pǌ iGqp?,``B>=
16780,i%x?, Ԍ<iqp?,Y`C>F=
16796,?%x?,݌iqS,`gC>M=
16812,$x?,iAr}o?,`yA>=
16828,{$x?,i@ro?,&a=>o=
16850,&$x?,8iro?,pXa=>\=
16866,$x?,pi2so?,@aC>=
16884,#x?,X.i@s
16947,S#x?,9Xi,o?,pB>?=
16964,#x?,Bi`=tHo?,@iK>l=
16980,"x?,O$i to?,ihG>=
16996,"x?,`4ito?,i>>!=
17013,!x?,8mli)uto?,4jWj=
17029, x?,Hzivo?,@`j?>k=
17045, x?,@iuko?,j+?>=
17061,D x?,i'vo?,j<>@=
17078,x?,੍8i`qvo?,kH->=
17095,fx?,ivo?,p7kQ>=
17111,x?,xiwo?,pjk>Y=
17132,Mx?,Í8iwo?,0ka+>X=
17148,Ix?, Ǎiwo?,@kS<>=
17166,Bx?,h̍ip-xo?,l\>>0=
17182,x?,⍽i zxo?, %l8>M5=
17199,x?,(덽i@xo?,[lv0>*~=
17215,"x?,󍽬ip%yo?,}l/>=
17232,7x?,i`xyFo?,li7>=
17252,*x?,xi@yFo?,l5>?W=
17268,x?,i0 zo?,5m)>~=
17286,x?,P#<iPozo?,lm(>=
17303,Wx?,+,izo?,m2>#=
17320,x?,-i`{do?,m
A>ja=
17336,}x?,H14il{o?,nG>=
17352,x?,3{ o?,`An?>=
17372,x?,10i`)|o?,-3>C=
17388,0x?,0CiЂ|o?,n1>=
17406,\x?,Xxi|o?,ny5>"=
17423,x?,V ip.}o?,n0>)=
17441,Jo?, o,>je=
17504,x?,H폽԰ijo?,@Eoh.>:=
17521,x?,io?,op->=
17538,x?,iHo?, o1&>==
17554,Mx?,i煽o?,`o>f=
17574,x?,iPo?,0.p@>=
17590,x?,-i@6o?,up >0=
17608,x?,<io?,Pp1>7K=
17624,x?,0?hio?,0p:>+=
17641,x?,Mio?,0*qH9>L=
17658,{x?,i@ǝo?, Hq1>"=
17675,Vx?,`P؝iVo?,1>k=
17693,x?,Mti0H"o?,@q|1>=
17709,x?,XLi to?,q->5=
17727,9x?,ci o?,"r(>D=
17743,rx?,xixȇo?,Or.>`=
17760,x?, i>o?,r<>E=
17778,Nx?,iHo?,PrC>5=
17795,x?,piIo?,@s@>V=
17813,Px?,`ix
17876,6x?,`i`"eo?,A>I=
17894,,𬐽 i ̈6eo?,e{Q>X4=
17910,4, ihbo?,>xu=
17927,w?,ɐ\ix#_o?,{>>=
17943,}w?,@ՐiM]o?,@|>=
17961,
w?,ݐdi8y\o?,D|>Q=
17979,w?,搽Xi\o?,@|8	>=
17996,kw?,PixωZo?,|>=
18015,Ow?,\iXo?,|>>1=
18031,w?,i&|Vo?,}>\{=
18049,zw?,liUUo?,`V}>g=
18065,w?,li|7To?,}B>=
18083,Pw?,'ԐiRo?,}>Q=
18100,w?,p/Pi ӊQo?,p
~>=
18118,"w?,iOo?,`+~>=
18135,w?,:i2No?,K~!>22=
18152,w?,:i`Oo?,~6>ry=
18169,w?,@i%Oo?,~>j=
18185,w?,(EiഋNo?,p~>L
=
18204,#w?,UiދKo?,+ >O=
18221,w?,YiZJo?,Pml>=
18239,_w?,hhih9dIo?,`>=
18255,9w?,iTidHo?,`>%=
18272,w?,pwixGo?,>i=
18289,>w?,iXEo?,>Ҳ=
18305,w?,piHތCo?,5o>=
18324,Ew?,Щi(Bo?,S>D=
18342,w?,0؅i3#Bo?,n9>=
18361,|Ao?,>>j=
18424,w?,h6ti@,?o?, o>=
18442,w?,x>qiT=o?,`>]=
18459,w?,Bhio<o?,݀>M=
18476,Qw?,POiiy
o?,>=
18492,w?,cfi`Ք-:o?,H>:=
18509,w?,xr\ci8o?,>|=
18526,2w?,yai8.j7o?,E>r=
18544,w?,@_iV6o?,R>H=
18563,w?,([i5o?,m">Z=
18581,Xw?,PxXi4o?,H	>Z=
18599,@w?,Qiٕ2o?,x>=
18615,w?,TMix1o?,0ǁQ>+=
18632,w?,$Ii5<0o?,؁>]v=
18648,w?,غ<Aia/o?,>=
18664,\w?,hœ<i .o?,>=
18682,w?,ɓ>i躖,o?,!>^J=
18701,Qw?,ӓ8=i䖽u+o?,>>ҍ=
18718,w?,ߓ:i
